{
  "hash": "f0239849",
  "configHash": "5d22aec4",
  "lockfileHash": "1c3f8853",
  "browserHash": "2f2f0210",
  "optimized": {
    "@angular/common/http": {
      "src": "../../../../../node_modules/@angular/common/fesm2022/http.mjs",
      "file": "@angular_common_http.js",
      "fileHash": "2160ecc7",
      "needsInterop": false
    },
    "@angular/core": {
      "src": "../../../../../node_modules/@angular/core/fesm2022/core.mjs",
      "file": "@angular_core.js",
      "fileHash": "c57a64fb",
      "needsInterop": false
    },
    "@angular/forms": {
      "src": "../../../../../node_modules/@angular/forms/fesm2022/forms.mjs",
      "file": "@angular_forms.js",
      "fileHash": "9c045573",
      "needsInterop": false
    },
    "@angular/platform-browser": {
      "src": "../../../../../node_modules/@angular/platform-browser/fesm2022/platform-browser.mjs",
      "file": "@angular_platform-browser.js",
      "fileHash": "dfe07ea1",
      "needsInterop": false
    },
    "@angular/router": {
      "src": "../../../../../node_modules/@angular/router/fesm2022/router.mjs",
      "file": "@angular_router.js",
      "fileHash": "af2ad4c3",
      "needsInterop": false
    }
  },
  "chunks": {
    "chunk-HYDILVPB": {
      "file": "chunk-HYDILVPB.js"
    },
    "chunk-VDS5NVZQ": {
      "file": "chunk-VDS5NVZQ.js"
    },
    "chunk-CJYSBT4Y": {
      "file": "chunk-CJYSBT4Y.js"
    },
    "chunk-37IT5BJX": {
      "file": "chunk-37IT5BJX.js"
    }
  }
}